titulo,titulo_espanol,sinopsis
"The Shawshank Redemption","Sueños de Fuga","Dos hombres encarcelados establecen un vínculo a lo largo de varios años, encontrando consuelo y eventual redención a través de actos de decencia común."
"The Godfather","El Padrino","El patriarca de una dinastía del crimen organizado transfiere el control de su imperio clandestino a su reacio hijo."
"The Godfather: Part II","El Padrino: Parte II","La historia paralela del ascenso de Vito Corleone como padrino y la continuación del legado de Michael Corleone."
"The Dark Knight","El Caballero Oscuro","Cuando la amenaza conocida como el Joker emerge de su misterioso pasado, causa estragos y caos en la gente de Gotham."
"The Dark Knight Rises","El Caballero Oscuro: La Leyenda Renace","Ocho años después del reinado del Joker, Batman se ve obligado a regresar de su exilio para salvar a Gotham City del terrorista Bane."
"Pulp Fiction","Pulp Fiction","Las vidas de dos sicarios, un boxeador, la esposa de un gánster y un par de ladrones se entrelazan en cuatro historias de violencia y redención."
"Forrest Gump","Forrest Gump","Las presidencias de Kennedy y Johnson, Vietnam, Watergate y otros eventos históricos se desarrollan desde la perspectiva de un hombre de Alabama con un CI de 75."
"Fight Club","El Club de la Pelea","Un oficinista insomne y un fabricante de jabón forman un club de lucha clandestino que evoluciona hacia algo mucho más grande."
"Inception","El Origen","A un ladrón que roba secretos corporativos mediante el uso de la tecnología de compartir sueños se le da la tarea inversa de plantar una idea en la mente de un director ejecutivo."
"The Matrix","Matrix","Un hacker informático aprende de misteriosos rebeldes sobre la verdadera naturaleza de su realidad y su papel en la guerra contra sus controladores."
"The Matrix Reloaded","Matrix Reloaded","Neo y los rebeldes continúan su lucha contra las máquinas, descubriendo más secretos sobre Matrix y su propio destino."
"The Matrix Revolutions","Matrix Revolutions","La guerra entre humanos y máquinas llega a su punto culminante mientras Neo hace el último sacrificio para salvar a la humanidad."
"Goodfellas","Buenos Muchachos","La historia de Henry Hill y su vida en la mafia, cubriendo su relación con su esposa Karen Hill y sus socios mafiosos Jimmy Conway y Tommy DeVito."
"Se7en","Seven","Dos detectives, un novato y un veterano, cazan a un asesino en serie que basa sus crímenes en los siete pecados capitales."
"The Silence of the Lambs","El Silencio de los Corderos","Una joven cadete del FBI debe ganarse la confianza de un asesino manipulador y encarcelado para que la ayude a atrapar a otro asesino en serie que despelleja a sus víctimas."
"Star Wars: Episode IV - A New Hope","Star Wars: Episodio IV - Una Nueva Esperanza","Luke Skywalker se une a un caballero Jedi, un piloto fanfarrón y dos droides para salvar a la galaxia del Imperio Galáctico."
"Star Wars: Episode V - The Empire Strikes Back","Star Wars: Episodio V - El Imperio Contraataca","Después de que los Rebeldes son brutalmente superados por el Imperio en el planeta helado Hoth, Luke Skywalker comienza su entrenamiento Jedi con Yoda."
"Star Wars: Episode VI - Return of the Jedi","Star Wars: Episodio VI - El Retorno del Jedi","Los Rebeldes se reúnen para un asalto final contra el Imperio mientras Luke Skywalker intenta redimir a su padre, Darth Vader."
"The Lord of the Rings: The Fellowship of the Ring","El Señor de los Anillos: La Comunidad del Anillo","Un humilde Hobbit de la Comarca y ocho compañeros se embarcan en un viaje para destruir el poderoso Anillo Único y salvar a la Tierra Media del Señor Oscuro Sauron."
"The Lord of the Rings: The Two Towers","El Señor de los Anillos: Las Dos Torres","Mientras Frodo y Sam se acercan a Mordor con la ayuda de Gollum, el resto de la comunidad se prepara para la batalla contra las fuerzas de Saruman."
"The Lord of the Rings: The Return of the King","El Señor de los Anillos: El Retorno del Rey","Gandalf y Aragorn lideran el Mundo de los Hombres contra el ejército de Sauron para desviar su mirada de Frodo y Sam, quienes se acercan a Mordor con el Anillo Único."
"Parasite","Parásitos","La codicia y la discriminación de clase amenazan la recién formada relación simbiótica entre la adinerada familia Park y el empobrecido clan Kim."
"Gladiator","Gladiador","Un exgeneral romano se propone vengarse del emperador corrupto que asesinó a su familia y lo envió a la esclavitud."
"Saving Private Ryan","Rescatando al Soldado Ryan","Tras el desembarco de Normandía, un grupo de soldados estadounidenses se adentra en las líneas enemigas para rescatar a un paracaidista cuyos tres hermanos han sido asesinados en combate."
"Interstellar","Interestelar","Un equipo de exploradores viaja a través de un agujero de gusano en el espacio en un intento por asegurar el futuro de la humanidad."
"The Green Mile","Milagros Inesperados","Las vidas de los guardias del corredor de la muerte se ven afectadas por uno de sus presos: un hombre negro acusado de asesinato de niños, pero que tiene un don misterioso."
"Spirited Away","El Viaje de Chihiro","Durante la mudanza de su familia a los suburbios, una niña de 10 años deambula por un mundo gobernado por dioses, brujas y espíritus, y donde los humanos se convierten en bestias."
"La La Land","La La Land: Una Historia de Amor","Mientras persiguen sus sueños en Los Ángeles, un pianista de jazz y una aspirante a actriz se enamoran, pero sus aspiraciones amenazan con separarlos."
"Joker","Joker","En Gotham City, Arthur Fleck, un comediante con problemas mentales, es marginado y maltratado por la sociedad. Se embarca en una espiral descendente de crimen y caos que lo transforma en una figura icónica."
"Avengers: Endgame","Vengadores: Endgame","Tras los devastadores eventos de 'Infinity War', los Vengadores restantes se unen para revertir las acciones de Thanos y restaurar el equilibrio del universo."
"Avengers: Infinity War","Vengadores: Infinity War","Los Vengadores y sus aliados deben estar dispuestos a sacrificarlo todo para intentar derrotar al poderoso Thanos antes de que su explosión de devastación y ruina termine con el universo."
"Titanic","Titanic","Un artista pobre y una joven aristócrata se enamoran a bordo del lujoso e infame R.M.S. Titanic."
"Back to the Future","Volver al Futuro","Un adolescente californiano es transportado a 1955 en una máquina del tiempo inventada por un científico excéntrico, donde accidentalmente impide que sus futuros padres se conozcan."
"Back to the Future Part II","Volver al Futuro II","Después de viajar al 2015, Marty McFly debe repetir su visita a 1955 para evitar desastrosos cambios en la línea de tiempo."
"Back to the Future Part III","Volver al Futuro III","Atrapado en 1955, Marty McFly aprende que solo el Doc Brown puede ayudarlo a regresar a 1985, pero se encuentra varado en el Viejo Oeste."
"The Lion King","El Rey León","El príncipe león Simba y su padre son el objetivo de su amargado tío, quien desea ascender al trono por sí mismo."
"Jurassic Park","Parque Jurásico","Un paleontólogo pragmático que visita un parque temático casi completo tiene la tarea de proteger a un par de niños después de que un corte de energía provoque que los dinosaurios clonados del parque se desboquen."
"Jurassic World","Mundo Jurásico","Un nuevo parque temático con dinosaurios clonados se convierte en una pesadilla cuando un dinosaurio genéticamente modificado escapa de su recinto."
"Alien","Alien: El Octavo Pasajero","Después de que una tripulación de una nave espacial comercial se encuentre con una forma de vida mortal, pronto se dan cuenta de que su ciclo de vida acaba de comenzar."
"Aliens","Aliens: El Regreso","La única sobreviviente del encuentro con el Alien es enviada de regreso a la luna donde se encontró por primera vez con la criatura, esta vez con un escuadrón de marines."
"Blade Runner","Blade Runner","Un blade runner debe perseguir y eliminar a cuatro replicantes que robaron una nave en el espacio y han regresado a la Tierra para encontrar a su creador."
"Blade Runner 2049","Blade Runner 2049","Un nuevo blade runner, oficial K, descubre un secreto profundamente enterrado que tiene el potencial de sumir en el caos a lo que queda de la sociedad."
"Coco","Coco","El aspirante a músico Miguel, confrontado con la prohibición ancestral de la música en su familia, entra en la Tierra de los Muertos para encontrar a su tatarabuelo, un legendario cantante."
"Amélie","Amélie","Amélie es una joven camarera inocente e ingenua en París con su propio sentido de la justicia. Decide ayudar a quienes la rodean y, en el camino, descubre el amor."
"Pan's Labyrinth","El Laberinto del Fauno","En la España de 1944, la joven hijastra de un sádico oficial del ejército se refugia en un inquietante pero cautivador mundo de fantasía."
"City of God","Ciudad de Dios","En las favelas de Río de Janeiro, dos niños de caminos diferentes ven cómo sus vidas se entrelazan a medida que uno se convierte en fotógrafo y el otro en un capo de la droga."
"Oldboy","Oldboy","Después de ser secuestrado y encarcelado durante quince años, Oh Dae-Su es liberado solo para descubrir que debe encontrar a su captor en cinco días."
"A Clockwork Orange","La Naranja Mecánica","En el futuro, el sádico líder de una pandilla es encarcelado y se ofrece voluntario para un experimento de reeducación, pero no todo sale según lo planeado."
"The Shining","El Resplandor","Una familia se dirige a un hotel aislado durante el invierno donde una presencia siniestra influye en el padre para que se vuelva violento, mientras su hijo psíquico ve horribles presagios del pasado y del futuro."
"Apocalypse Now","Apocalipsis Now","Un oficial del ejército estadounidense que sirve en Vietnam tiene la tarea de asesinar a un coronel renegado de las Fuerzas Especiales que se ve a sí mismo como un dios."
"Dr. Strangelove","Dr. Insólito","Un general desquiciado desencadena un camino hacia el holocausto nuclear que un grupo de políticos y generales en una sala de guerra intenta desesperadamente detener."
"2001: A Space Odyssey","2001: Una Odisea del Espacio","La humanidad encuentra un misterioso artefacto enterrado bajo la superficie lunar y, con la ayuda de la inteligente supercomputadora H.A.L. 9000, se embarca en una búsqueda para encontrar sus orígenes."
"Taxi Driver","Taxi Driver","Un veterano de Vietnam mentalmente inestable trabaja como taxista nocturno en la ciudad de Nueva York, donde la decadencia y la sordidez percibidas alimentan su urgente necesidad de actuar violentamente."
"Reservoir Dogs","Perros de Reserva","Cuando un simple robo de joyas sale terriblemente mal, los criminales supervivientes comienzan a sospechar que uno de ellos es un informante de la policía."
"The Truman Show","El Show de Truman","Un vendedor de seguros alegre descubre que toda su vida no es más que un reality show de televisión."
"Shutter Island","La Isla Siniestra","En 1954, un mariscal estadounidense investiga la desaparición de una asesina que escapó de un hospital para criminales dementes."
"No Country for Old Men","No es País para Viejos","La violencia y el caos sobrevienen después de que un cazador se tropieza con una escena de crimen con drogas y más de dos millones de dólares en efectivo."
"Mad Max: Fury Road","Mad Max: Furia en el Camino","En un páramo postapocalíptico, una mujer se rebela contra un gobernante tiránico en busca de su tierra natal con la ayuda de un vagabundo llamado Max."
"Whiplash","Whiplash","Un joven y prometedor baterista se inscribe en un conservatorio de música donde sus sueños de grandeza son guiados por un instructor que no se detendrá ante nada para desarrollar el potencial de un estudiante."
"Her","Her","En un futuro cercano, un escritor solitario desarrolla una relación improbable con un sistema operativo diseñado para satisfacer todas sus necesidades."
"Arrival","La Llegada","Una lingüista trabaja con el ejército para comunicarse con formas de vida extraterrestres después de que doce misteriosas naves espaciales aparecen en todo el mundo."
"Django Unchained","Django Desencadenado","Con la ayuda de un cazarrecompensas alemán, un esclavo liberado se propone rescatar a su esposa de un brutal propietario de una plantación en Mississippi."
"Inglourious Basterds","Malditos Bastardos","En la Francia ocupada por los nazis durante la Segunda Guerra Mundial, un plan para asesinar a los líderes nazis por parte de un grupo de soldados judíos estadounidenses coincide con los planes vengativos de la dueña de un cine."
"The Prestige","El Truco Final","Después de que un trágico accidente separa a dos magos de escenario, se involucran en una amarga batalla por la supremacía, creando trucos cada vez más peligrosos."
"Memento","Memento","Un hombre con pérdida de memoria a corto plazo intenta localizar al asesino de su esposa."
"Eternal Sunshine of the Spotless Mind","Eterno Resplandor de una Mente sin Recuerdos","Cuando su relación se deteriora, una pareja se somete a un procedimiento médico para borrarse mutuamente de sus recuerdos."
"Requiem for a Dream","Réquiem por un Sueño","Las adicciones a las drogas de cuatro personas de Coney Island alimentan sus delirios y desesperación."
"Trainspotting","Trainspotting","Renton, profundamente inmerso en la escena de las drogas de Edimburgo, intenta limpiarse y dejar a sus amigos a pesar de la atracción de las drogas y la influencia de sus amigos."
"Fargo","Fargo","Jerry Lundegaard, un vendedor de coches de Minnesota, está tan desesperado por conseguir dinero que contrata a dos matones para que secuestren a su esposa."
"The Big Lebowski","El Gran Lebowski","A 'The Dude' Lebowski, un holgazán confundido con un millonario, se le pide que entregue un rescate para liberar a la esposa del millonario."
"Snatch","Cerdos y Diamantes","Criminales sin escrúpulos convergen en Londres para localizar un diamante robado."
"Lock, Stock and Two Smoking Barrels","Juegos, Traiciones y Dos Humoños Cañones","Un grupo de amigos se ve envuelto en el inframundo de Londres cuando una partida de cartas amañada los deja con una gran deuda."
"Kill Bill: Vol. 1","Kill Bill: Volumen 1","Después de despertar de un coma de cuatro años, una ex asesina se venga del equipo de asesinos que la traicionó."
"Kill Bill: Vol. 2","Kill Bill: Volumen 2","La novia continúa su búsqueda de venganza contra su ex jefe y amante Bill, el asesino de rattle snake y por último, pero no menos importante, Bill."
"Gran Torino","Gran Torino","El veterano de la Guerra de Corea, Walt Kowalski, se propone reformar a su joven vecino, un adolescente hmong que intentó robar su preciado Ford Gran Torino de 1972."
"Million Dollar Baby","Million Dollar Baby","Una camarera decidida trabaja con un entrenador de boxeo endurecido para convertirse en profesional."
"The Departed","Los Infiltrados","Una investigación encubierta en el sur de Boston sobre una pandilla irlandesa-estadounidense se convierte en una carrera para descubrir las identidades de un topo y un informante."
"Casino Royale","Casino Royale","Armado con una licencia para matar, el Agente Secreto James Bond se embarca en su primera misión como 007 para derrotar a un banquero privado que financia a terroristas en un juego de póquer de altas apuestas."
"Skyfall","Skyfall","El pasado de James Bond regresa para perseguirlo cuando M se ve amenazada por un antiguo agente vengativo."
"WALL-E","WALL-E","En un futuro lejano, un pequeño robot recolector de basura se embarca inadvertidamente en un viaje espacial que decidirá el destino de la humanidad."
"Up","Up","Carl Fredricksen, de 78 años, viaja a Paradise Falls en su casa equipada con globos, llevando sin saberlo a un joven polizón."
"Toy Story","Toy Story","Un vaquero de juguete se siente profundamente amenazado y celoso cuando una nueva figura de acción de un astronauta lo suplanta como el juguete principal en el dormitorio de un niño."
"Toy Story 2","Toy Story 2","Cuando Woody es secuestrado por un coleccionista de juguetes, Buzz y sus amigos se embarcan en una misión de rescate."
"Toy Story 3","Toy Story 3","Los juguetes son entregados por error a una guardería en lugar del ático justo antes de que Andy se vaya a la universidad."
"Toy Story 4","Toy Story 4","Cuando Bonnie agrega un nuevo juguete a su habitación, Woody se embarca en una aventura épica para asegurarse de que ningún juguete se quede atrás."
"Finding Nemo","Buscando a Nemo","Después de que su hijo es capturado en la Gran Barrera de Coral y llevado a Sydney, un pez payaso tímido emprende un viaje para traerlo a casa."
"Finding Dory","Buscando a Dory","La amistosa pero olvidadiza pez cirujana azul Dory se embarca en una búsqueda de sus padres."
"Ratatouille","Ratatouille","Una rata que puede cocinar hace una alianza inusual con un joven trabajador de la cocina en un famoso restaurante de París."
"The Incredibles","Los Increíbles","Una familia de superhéroes encubiertos, mientras intentan vivir una vida suburbana tranquila, se ven obligados a entrar en acción para salvar el mundo."
"Incredibles 2","Los Increíbles 2","Los Parr se enfrentan a nuevos desafíos mientras intentan restaurar la fe del público en los superhéroes."
"Monsters, Inc.","Monsters, Inc.","Para impulsar su ciudad, los monstruos tienen que asustar a los niños para que griten. Sin embargo, los niños son tóxicos para los monstruos, y después de que un niño se cuela, dos monstruos se dan cuenta de que las cosas pueden no ser lo que parecen."
"Monsters University","Universidad Monsters","Una mirada a la relación entre Mike y Sulley durante sus días en la universidad, donde comenzaron como rivales pero eventualmente se convirtieron en los mejores amigos."
"How to Train Your Dragon","Cómo Entrenar a tu Dragón","Un joven vikingo inadaptado que aspira a cazar dragones se convierte en el improbable amigo de un joven dragón, y aprende que puede haber más en las criaturas de lo que imaginaba."
"Shrek","Shrek","Un ogro gruñón, para recuperar su pantano, debe rescatar a una princesa testaruda con la ayuda de un burro hablador."
"Shrek 2","Shrek 2","Shrek y Fiona viajan al reino de 'Muy Muy Lejano' para celebrar su matrimonio, pero el padre de Fiona no está exactamente encantado."
"The Mask","La Máscara","Un empleado de banco con mala suerte se transforma en un maníaco superhéroe cuando usa una máscara misteriosa."
"My Neighbor Totoro","Mi Vecino Totoro","Cuando dos niñas se mudan al campo para estar cerca de su madre enferma, tienen aventuras con los maravillosos espíritus del bosque que viven cerca."
"Princess Mononoke","La Princesa Mononoke","En un viaje para encontrar la cura para la maldición de un Tatarigami, Ashitaka se encuentra en medio de una guerra entre los dioses del bosque y Tatara, una colonia minera."
"Grave of the Fireflies","La Tumba de las Luciérnagas","Un joven y su hermana pequeña luchan por sobrevivir en Japón durante la Segunda Guerra Mundial."
"Akira","Akira","Un proyecto secreto del gobierno militar pone en peligro a Neo-Tokio cuando convierte a un miembro de una pandilla de motociclistas en un psicópata rabioso que solo dos adolescentes y un grupo de psíquicos pueden detener."
"Ghost in the Shell","El Fantasma en la Máquina","Una cyborg policía y su compañero cazan a un misterioso y poderoso hacker conocido como el Puppet Master."
"Your Name.","Your Name: Tu Nombre","Dos extraños se encuentran inexplicablemente vinculados cuando comienzan a intercambiar cuerpos. La situación se vuelve más complicada cuando deciden conocerse en persona."
"A Silent Voice","Una Voz Silenciosa","Un joven acosador es condenado al ostracismo por sus compañeros de clase. Años después, decide volver a conectar con la chica sorda a la que solía intimidar."
"Spider-Man: Into the Spider-Verse","Spider-Man: Un Nuevo Universo","El adolescente Miles Morales se convierte en el Spider-Man de su realidad, cruzándose con cinco contrapartes de otras dimensiones para detener una amenaza para todas las realidades."
"Spider-Man: Across the Spider-Verse","Spider-Man: A Través del Spider-Verso","Miles Morales se embarca en una aventura épica a través del multiverso y se une a Gwen Stacy y un nuevo equipo de Spider-People."
"Logan","Logan","En un futuro cercano, un Logan cansado cuida a un enfermo Profesor X en un escondite en la frontera mexicana. Pero los intentos de Logan de esconderse del mundo y de su legado se ven frustrados cuando llega una joven mutante, perseguida por fuerzas oscuras."
"Deadpool","Deadpool","Un mercenario de habla rápida con un retorcido sentido del humor se somete a un experimento clandestino que lo deja con poderes curativos acelerados y una búsqueda de venganza."
"Deadpool 2","Deadpool 2","Deadpool forma un equipo de mutantes para proteger a un joven de un poderoso y despiadado mutante viajero del tiempo."
"Guardians of the Galaxy","Guardianes de la Galaxia","Un grupo de inadaptados intergalácticos debe unirse para evitar que un fanático guerrero destruya el universo."
"Guardians of the Galaxy Vol. 2","Guardianes de la Galaxia Vol. 2","Los Guardianes luchan por mantener unida a su nueva familia mientras desentrañan los misterios del verdadero parentesco de Peter Quill."
"Guardians of the Galaxy Vol. 3","Guardianes de la Galaxia Vol. 3","Los Guardianes se embarcan en una peligrosa misión para proteger a uno de los suyos, lo que podría llevar al fin de los Guardianes tal como los conocemos."
"The Avengers","Los Vengadores","Los héroes más poderosos de la Tierra deben unirse y aprender a luchar en equipo si quieren evitar que el travieso Loki y su ejército alienígena esclavicen a la humanidad."
"Iron Man","Iron Man","Después de ser mantenido cautivo en una cueva afgana, el ingeniero multimillonario Tony Stark crea un traje de armadura único para luchar contra el mal."
"Iron Man 2","Iron Man 2","Con el mundo ahora consciente de que él es Iron Man, Tony Stark debe enfrentarse a su declive y a un nuevo enemigo."
"Iron Man 3","Iron Man 3","Cuando Tony Stark encuentra a su mundo personal destruido, se embarca en una angustiosa búsqueda para encontrar a los responsables."
"Thor","Thor","El poderoso pero arrogante dios Thor es desterrado a la Tierra para vivir entre los humanos, donde aprende lo que se necesita para ser un verdadero héroe."
"Thor: The Dark World","Thor: El Mundo Oscuro","Thor se une a Loki para salvar los Nueve Reinos de una raza oscura liderada por el vengativo Malekith."
"Thor: Ragnarok","Thor: Ragnarok","Encarcelado en el otro lado del universo, el poderoso Thor se encuentra en una carrera contra el tiempo para volver a Asgard y detener a Hela, la diosa de la muerte."
"Thor: Love and Thunder","Thor: Love and Thunder","Thor emprende un viaje de autodescubrimiento, pero debe regresar para enfrentar a un nuevo enemigo: Gorr el Dios Carnicero."
"Black Panther","Pantera Negra","T'Challa, heredero del reino oculto pero avanzado de Wakanda, debe dar un paso al frente para guiar a su pueblo hacia un nuevo futuro y debe enfrentarse a un retador del pasado de su país."
"Black Panther: Wakanda Forever","Pantera Negra: Wakanda Por Siempre","El pueblo de Wakanda lucha por embarcarse en un nuevo capítulo mientras lloran la muerte del Rey T'Challa."
"Captain America: The First Avenger","Capitán América: El Primer Vengador","Steve Rogers, un hombre rechazado del ejército durante la Segunda Guerra Mundial, se convierte en el super soldado Capitán América."
"Captain America: The Winter Soldier","Capitán América: El Soldado de Invierno","Mientras Steve Rogers lucha por abrazar su rol en el mundo moderno, se une a un compañero Vengador y agente de S.H.I.E.L.D., Black Widow, para luchar contra una nueva amenaza de la historia: un asesino conocido como el Soldado de Invierno."
"Captain America: Civil War","Capitán América: Civil War","Desacuerdos políticos sobre la supervisión de los Vengadores los dividen en dos facciones, una liderada por Steve Rogers y otra por Tony Stark."
"Doctor Strange","Doctor Strange","Mientras está en un viaje de curación física y espiritual, un brillante pero arrogante cirujano se ve envuelto en el mundo de las artes místicas."
"Doctor Strange in the Multiverse of Madness","Doctor Strange en el Multiverso de la Locura","El Dr. Stephen Strange lanza un hechizo prohibido que abre las puertas al multiverso, incluyendo una versión alternativa de sí mismo."
"Wonder Woman","Mujer Maravilla","Cuando un piloto se estrella y habla de un conflicto en el mundo exterior, Diana, una guerrera amazona en entrenamiento, abandona su hogar para luchar en una guerra, descubriendo todos sus poderes y su verdadero destino."
"Wonder Woman 1984","Mujer Maravilla 1984","Diana Prince se enfrenta a dos enemigos formidables, Maxwell Lord y la Mujer Leopardo, mientras descubre un poder asombroso."
"The Hunger Games","Los Juegos del Hambre","Katniss Everdeen se ofrece como voluntaria para ocupar el lugar de su hermana menor en los Juegos del Hambre: una competencia televisada en la que dos adolescentes de cada uno de los doce distritos de Panem son elegidos al azar para luchar hasta la muerte."
"The Hunger Games: Catching Fire","Los Juegos del Hambre: En Llamas","Katniss y Peeta son obligados a participar en una edición especial de los Juegos del Hambre que enfrenta a los ganadores de años anteriores."
"The Hunger Games: Mockingjay - Part 1","Los Juegos del Hambre: Sinsajo - Parte 1","Katniss se une a la rebelión mientras el Distrito 13 se prepara para la guerra contra el Capitolio."
"The Hunger Games: Mockingjay - Part 2","Los Juegos del Hambre: Sinsajo - Parte 2","Katniss lidera a los rebeldes en la batalla final contra el Presidente Snow y las fuerzas del Capitolio."
"Harry Potter and the Sorcerer's Stone","Harry Potter y la Piedra Filosofal","Un niño huérfano se inscribe en una escuela de magia, donde aprende la verdad sobre sí mismo, su familia y el terrible mal que acecha al mundo mágico."
"Harry Potter and the Chamber of Secrets","Harry Potter y la Cámara Secreta","Harry investiga una serie de ataques misteriosos en Hogwarts, descubriendo una cámara secreta y un monstruo legendario."
"Harry Potter and the Prisoner of Azkaban","Harry Potter y el Prisionero de Azkaban","Harry Potter, Ron y Hermione regresan a Hogwarts para su tercer año de estudios, donde se sumergen en el misterio que rodea a un prisionero fugitivo que representa una peligrosa amenaza para el joven mago."
"Harry Potter and the Goblet of Fire","Harry Potter y el Cáliz de Fuego","Harry es seleccionado para competir en el Torneo de los Tres Magos, enfrentándose a desafíos mortales mientras Lord Voldemort regresa."
"Harry Potter and the Order of the Phoenix","Harry Potter y la Orden del Fénix","Harry forma un grupo secreto para enseñar defensa contra las artes oscuras mientras el Ministerio de Magia se niega a creer en el regreso de Voldemort."
"Harry Potter and the Half-Blood Prince","Harry Potter y el Misterio del Príncipe","Harry descubre un libro de pociones que perteneció al 'Príncipe Mestizo' mientras Dumbledore lo prepara para la batalla final contra Voldemort."
"Harry Potter and the Deathly Hallows – Part 1","Harry Potter y las Reliquias de la Muerte – Parte 1","Harry, Ron y Hermione emprenden una peligrosa misión para encontrar y destruir los Horrocruxes de Voldemort."
"Harry Potter and the Deathly Hallows – Part 2","Harry Potter y las Reliquias de la Muerte – Parte 2","Harry, Ron y Hermione continúan su búsqueda de los Horrocruxes en la batalla final en Hogwarts."
"The Hobbit: An Unexpected Journey","El Hobbit: Un Viaje Inesperado","Un hobbit reacio, Bilbo Bolsón, se embarca en un viaje a la Montaña Solitaria con un enérgico grupo de enanos para reclamar su hogar en la montaña y el oro que contiene del dragón Smaug."
"The Hobbit: The Desolation of Smaug","El Hobbit: La Desolación de Smaug","Bilbo y los enanos continúan su viaje hacia la Montaña Solitaria, donde Bilbo debe enfrentarse al dragón Smaug."
"The Hobbit: The Battle of the Five Armies","El Hobbit: La Batalla de los Cinco Ejércitos","Bilbo y Compañía se ven obligados a participar en una guerra contra un ejército de dragones para mantener el control de la Montaña Solitaria."
"Pirates of the Caribbean: The Curse of the Black Pearl","Piratas del Caribe: La Maldición de la Perla Negra","El herrero Will Turner se une al excéntrico pirata Capitán Jack Sparrow para salvar a su amada, la hija del gobernador, del ex aliado de Jack, que ahora es un no-muerto."
"Pirates of the Caribbean: Dead Man's Chest","Piratas del Caribe: El Cofre del Hombre Muerto","Jack Sparrow debe pagar una deuda de sangre al legendario Davy Jones mientras Will y Elizabeth se ven envueltos en la búsqueda."
"Pirates of the Caribbean: At World's End","Piratas del Caribe: En el Fin del Mundo","Los aliados de Jack Sparrow se unen para rescatarlo de la Gruta de Davy Jones y enfrentarse a la Compañía de las Indias Orientales."
"Avatar","Avatar","Un marine parapléjico enviado a la luna Pandora en una misión única se debate entre seguir las órdenes y proteger el mundo que siente que es su hogar."
"Avatar: The Way of Water","Avatar: El Camino del Agua","Jake Sully y Ney'tiri forman una familia en Pandora, pero deben proteger su hogar de una amenaza familiar del pasado."
"Die Hard","Duro de Matar","Un oficial de policía de Nueva York intenta salvar a su esposa y a varias otras personas que fueron tomadas como rehenes por terroristas alemanes durante una fiesta de Navidad en el Nakatomi Plaza en Los Ángeles."
"Die Hard 2","Duro de Matar 2","John McClane intenta evitar que terroristas tomen el control de un aeropuerto durante una tormenta de nieve en vísperas de Navidad."
"Die Hard With a Vengeance","Duro de Matar: La Venganza","John McClane debe resolver una serie de acertijos en toda la ciudad de Nueva York para evitar que un terrorista haga explotar bombas."
"Terminator 2: Judgment Day","Terminator 2: El Día del Juicio Final","Un cyborg, idéntico al que no pudo matar a Sarah Connor, ahora debe proteger a su hijo adolescente, John Connor, de un cyborg más avanzado y poderoso."
"Terminator: Dark Fate","Terminator: Destino Oscuro","Sarah Connor y un cyborg híbrido deben proteger a una joven de un nuevo Terminator extremadamente avanzado."
"Indiana Jones and the Raiders of the Lost Ark","Indiana Jones y los Cazadores del Arca Perdida","En 1936, el arqueólogo y aventurero Indiana Jones es contratado por el gobierno de los Estados Unidos para encontrar el Arca de la Alianza antes de que los nazis de Adolf Hitler puedan obtener sus asombrosos poderes."
"Indiana Jones and the Temple of Doom","Indiana Jones y el Templo de la Perdición","Indiana Jones viaja a la India para rescatar piedras mágicas y niños esclavizados de una secta malvada."
"Indiana Jones and the Last Crusade","Indiana Jones y la Última Cruzada","Indiana Jones se une a su padre en una búsqueda del Santo Grial, enfrentándose a los nazis una vez más."
"E.T. the Extra-Terrestrial","E.T. el Extraterrestre","Un niño problemático reúne el coraje para ayudar a un extraterrestre amistoso a escapar de la Tierra y regresar a su planeta de origen."
"Jaws","Tiburón","Cuando un tiburón asesino inicia una ova de terror en un pueblo costero, un jefe de policía, un biólogo marino y un viejo marinero se unen para cazar a la bestia."
"The Exorcist","El Exorcista","Cuando una adolescente es poseída por una entidad misteriosa, su madre busca la ayuda de dos sacerdotes para salvar a su hija."
"Psycho","Psicosis","Una secretaria de Phoenix malversa cuarenta mil dólares del cliente de su empleador, se da a la fuga y se registra en un motel remoto dirigido por un joven bajo el dominio de su madre."
"Vertigo","Vértigo","Un ex detective de policía que sufre de acrofobia investiga las extrañas actividades de la esposa de un viejo amigo, mientras se obsesiona peligrosamente con ella."
"Casablanca","Casablanca","Un cínico expatriado estadounidense se debate entre su amor por una mujer y ayudarla a ella y a su esposo, un líder de la resistencia checa, a escapar de la ciudad marroquí controlada por los franceses de Vichy."
"Citizen Kane","Ciudadano Kane","Tras la muerte de un magnate editorial, los periodistas luchan por descifrar el significado de su última palabra: 'Rosebud'."
"Sunset Boulevard","El Crepúsculo de los Dioses","Una guionista en apuros escribe un guion para una ex estrella de cine mudo que ha perdido el contacto con la realidad."
"Lawrence of Arabia","Lawrence de Arabia","La historia de T.E. Lawrence, el oficial inglés que unió y lideró con éxito a las diversas tribus árabes durante la Primera Guerra Mundial para luchar contra los turcos."
"Gone with the Wind","Lo que el Viento se Llevó","Una historia de la Guerra Civil estadounidense desde la perspectiva de una belleza sureña manipuladora y su turbulento romance con un especulador."
"The Wizard of Oz","El Mago de Oz","Dorothy Gale es arrastrada desde una granja de Kansas a la mágica Tierra de Oz y se embarca en una búsqueda con sus nuevos amigos para ver al Mago que puede ayudarla a regresar a casa."
"Singin' in the Rain","Cantando bajo la Lluvia","Una productora de cine mudo y su elenco hacen una difícil transición al sonido."
"It's a Wonderful Life","¡Qué Bello es Vivir!","Un ángel es enviado del Cielo para ayudar a un hombre de negocios desesperadamente frustrado mostrándole cómo habría sido la vida si nunca hubiera existido."
"Schindler's List","La Lista de Schindler","En la Polonia ocupada por los alemanes durante la Segunda Guerra Mundial, el industrial Oskar Schindler se preocupa gradualmente por su fuerza laboral judía después de presenciar su persecución por los nazis."
"One Flew Over the Cuckoo's Nest","Alguien Voló sobre el Nido del Cuco","Un criminal se declara loco y es admitido en una institución mental, donde se rebela contra la enfermera opresiva y moviliza a los pacientes asustados."
"The Good, the Bad and the Ugly","El Bueno, el Feo y el Malo","Un cazarrecompensas se une a dos hombres en una alianza incómoda contra un tercero para encontrar una fortuna en oro enterrada en un remoto cementerio."
"Once Upon a Time in the West","Érase una Vez en el Oeste","Un misterioso extraño con una armónica se une a un notorio forajido para proteger a una hermosa viuda de un asesino despiadado que trabaja para el ferrocarril."
"High Noon","Solo ante el Peligro","Un mariscal de la ciudad debe enfrentarse a una banda de asesinos solo después de que la gente del pueblo que juró proteger lo abandone."
"Butch Cassidy and the Sundance Kid","Dos Hombres y un Destino","Dos líderes de una banda de forajidos huyen a Bolivia cuando la ley se acerca a ellos."
"The Sting","El Golpe","Dos estafadores se unen para llevar a cabo la estafa definitiva contra un jefe de la mafia despiadado."
"Rocky","Rocky","Un boxeador de poca monta de Filadelfia tiene la oportunidad, que ocurre una vez en la vida, de luchar por el campeonato de peso pesado."
"Rocky II","Rocky II","Rocky Balboa se enfrenta a una revancha contra Apollo Creed mientras lucha por adaptarse a la vida fuera del ring."
"Rocky III","Rocky III","Rocky enfrenta al desafiante Clubber Lang mientras lidia con la pérdida de su entrenador Mickey."
"Rocky IV","Rocky IV","Rocky viaja a la Unión Soviética para luchar contra el implacable boxeador ruso Ivan Drago."
"Raging Bull","Toro Salvaje","La historia de un boxeador de peso mediano mientras su rabia autodestructiva lo lleva a la cima en el ring y destruye su vida fuera de él."
"Braveheart","Corazón Valiente","El guerrero escocés William Wallace lidera a sus compatriotas en una rebelión para liberar a su patria del tirano rey Eduardo I de Inglaterra."
"Dances with Wolves","Bailando con Lobos","El teniente John Dunbar, asignado a un puesto remoto de la frontera occidental, se hace amigo de los lobos y los indios, lo que lo convierte en un paria entre los suyos."
"Unforgiven","Sin Perdón","El pistolero retirado William Munny acepta a regañadientes un último trabajo, con la ayuda de su viejo compañero y un joven."
"L.A. Confidential","L.A. Confidencial","A medida que la corrupción crece en Los Ángeles de la década de 1950, tres policías, uno recto, uno brutal y uno sórdido, investigan una serie de asesinatos con su propia marca de justicia."
"Chinatown","Chinatown","Un detective privado contratado para exponer a un adúltero se encuentra atrapado en una red de engaño, corrupción y asesinato."
"The French Connection","Contra el Imperio de la Droga","Un par de detectives de narcóticos de Nueva York tropiezan con una red de contrabando de drogas con sede en Francia."
"Dirty Harry","Harry el Sucio","El inspector de policía de San Francisco 'Harry el Sucio' Callahan intenta localizar a un psicópata francotirador."
"Bullitt","Bullitt","Un senador ambicioso intenta acabar con un jefe de la mafia con la ayuda de un duro detective de San Francisco."
"The Great Escape","La Gran Evasión","Los prisioneros de guerra aliados planean una fuga masiva de un campo de prisioneros de guerra alemán durante la Segunda Guerra Mundial."
"Ben-Hur","Ben-Hur","Cuando un príncipe judío es traicionado y enviado a la esclavitud por un amigo romano, recupera su libertad y regresa para vengarse."
"The Ten Commandments","Los Diez Mandamientos","La vida de Moisés, desde que fue descubierto en los juncos del Nilo como un bebé por la hija del faraón, hasta su papel en la liberación de los hebreos de la esclavitud en Egipto."
"Spartacus","Espartaco","La historia del esclavo Espartaco, el gladiador que lideró una violenta revuelta contra la decadente República Romana."
"Paths of Glory","Senderos de Gloria","Cuando los soldados se niegan a continuar con un ataque suicida durante la Primera Guerra Mundial, su oficial al mando debe defenderlos."
"All About Eve","Eva al Desnudo","Una estrella de Broadway aparentemente ingenua, Eve Harrington, se entromete en la vida de Margo Channing, una actriz envejecida y el ídolo de Eve."
"Some Like It Hot","Con Faldas y a lo Loco","Cuando dos músicos son testigos de un golpe de la mafia, huyen del estado en una banda de mujeres disfrazadas de mujeres, pero surgen más complicaciones."
"North by Northwest","Con la Muerte en los Talones","Un ejecutivo de publicidad de la ciudad de Nueva York se encuentra perseguido por todo el país por un grupo de espías extranjeros después de que lo confunden con un agente del gobierno."
"Rear Window","La Ventana Indiscreta","Un fotógrafo en silla de ruedas espía a sus vecinos desde la ventana de su apartamento y se convierte de que uno de ellos ha cometido un asesinato."
"Dial M for Murder","Crimen Perfecto","Un extenista lleva a cabo un elaborado plan para asesinar a su esposa después de descubrir que le es infiel."
"Strangers on a Train","Extraños en un Tren","Un psicópata obliga a un tenista estrella a cumplir su parte de un acuerdo de asesinato mutuo."
"The Maltese Falcon","El Halcón Maltés","Un detective privado de San Francisco se enfrenta a tres aventureros sin escrúpulos que compiten por una estatuilla de halcón de valor incalculable."
"The Treasure of the Sierra Madre","El Tesoro de Sierra Madre","Dos estadounidenses que buscan trabajo en México convencen a un viejo prospector para que los ayude a buscar oro en las remotas montañas de la Sierra Madre."
"The African Queen","La Reina de África","En África durante la Primera Guerra Mundial, el capitán de un barco fluvial es persuadido por una misionera metodista para que use su barco para atacar una cañonera alemana."
"An American in Paris","Un Americano en París","Tres amigos luchan por encontrar trabajo en París. Las cosas se complican cuando dos de ellos se enamoran de la misma mujer."
"Gigi","Gigi","Cansada de la sociedad de principios del siglo XX en París, una cortesana en formación cultiva una amistad platónica con un playboy adinerado, pero el amor pronto complica las cosas."
"My Fair Lady","My Fair Lady","A principios del siglo XX en Londres, un profesor de fonética snob acepta una apuesta de que puede transformar a una engreída chica de las flores de Cockney en un miembro de la alta sociedad."
"The Sound of Music","Sonrisas y Lágrimas","Una joven abandona un convento austriaco para convertirse en institutriz de los hijos de un oficial naval viudo."
"West Side Story","Amor sin Barreras","Dos jóvenes de bandas callejeras rivales de Nueva York se enamoran, pero las tensiones entre sus respectivos amigos aumentan hacia la tragedia."
"Mary Poppins","Mary Poppins","En la Inglaterra eduardiana, una niñera mágica llega a la casa de un banquero de mal humor para cuidar a sus dos hijos."
"Doctor Zhivago","Doctor Zhivago","La vida de un médico y poeta ruso que, aunque casado con otra, se enamora de la esposa de un activista político durante la Revolución Rusa."
"The Apartment","El Apartamento","Un hombre intenta ascender en su empresa dejando que los ejecutivos usen su apartamento para sus aventuras amorosas, pero sus planes se tuercen cuando se enamora de la amante de su jefe."
"Annie Hall","Annie Hall","El comediante neurótico de Nueva York, Alvy Singer, se enamora de la epónima Annie Hall."
"Manhattan","Manhattan","La vida de un escritor de televisión divorciado que sale con una adolescente se complica aún más cuando se enamora de la amante de su mejor amigo."
"Hannah and Her Sisters","Hannah y sus Hermanas","Entre dos Días de Acción de Gracias, el esposo de Hannah se enamora de su hermana Lee, mientras que su ex esposo hipocondríaco reaviva su relación con su hermana Holly."
"Crimes and Misdemeanors","Crímenes y Pecados","Un oftalmólogo respetado arriesga su reputación para proteger un secreto, mientras que un documentalista lucha por financiar su proyecto más reciente."
"When Harry Met Sally...","Cuando Harry conoció a Sally","Harry y Sally se conocen desde hace años y son muy buenos amigos, pero temen que el sexo arruine su amistad."
"Sleepless in Seattle","Algo para Recordar","El hijo de un viudo llama a un programa de radio en un intento por encontrarle una pareja a su padre."
"You've Got Mail","Tienes un E-mail","Dos rivales de negocios que se desprecian en la vida real se enamoran sin saberlo por Internet."
"Pretty Woman","Mujer Bonita","Un hombre de negocios rico y poderoso contrata a una acompañante de Hollywood para que lo acompañe a algunas funciones sociales y se enamora de ella."
"Notting Hill","Notting Hill","La vida de un simple dueño de una librería cambia cuando conoce a la estrella de cine más famosa del mundo."
"Four Weddings and a Funeral","Cuatro Bodas y un Funeral","Durante el transcurso de cinco encuentros sociales, un soltero comprometido debe decidir si ha encontrado el amor."
"Love Actually","Love Actually","Sigue la vida de ocho parejas muy diferentes que lidian con sus vidas amorosas en varios cuentos vagamente interrelacionados, todos ambientados durante un frenético mes antes de Navidad en Londres, Inglaterra."
"Bridget Jones's Diary","El Diario de Bridget Jones","Una mujer británica está decidida a mejorar y busca el amor mientras lleva un diario personal."
"The Devil Wears Prada","El Diablo viste de Prada","Una recién graduada inteligente pero sensata consigue un trabajo como asistente de la exigente editora de una importante revista de moda."
"Mean Girls","Chicas Pesadas","Cady Heron es un éxito entre The Plastics, el grupo de chicas de A-list en su nueva escuela, hasta que comete el error de enamorarse del ex novio de la alfa Plastic, Aaron Samuels."
"Clueless","Tontas y Tontos","Una chica rica y popular de Beverly Hills intenta aumentar la popularidad de una nueva estudiante."
"Legally Blonde","Legalmente Rubia","Elle Woods, una chica de hermandad de moda, es abandonada por su novio. Decide seguirlo a la facultad de derecho. Mientras está allí, se da cuenta de que hay más en ella que solo su apariencia."
"The Princess Bride","La Princesa Prometida","Mientras está enfermo en la cama, un niño escucha a su abuelo leerle la historia de un peón convertido en pirata que se encuentra con varios obstáculos, enemigos y aliados en su búsqueda para reunirse con su verdadero amor."
"Groundhog Day","El Día de la Marmota","Un meteorólogo se encuentra reviviendo el mismo día una y otra vez."
"Ghostbusters","Los Cazafantasmas","Tres ex parapsicólogos abren un servicio único de eliminación de fantasmas en la ciudad de Nueva York."
"Ghostbusters: Afterlife","Cazafantasmas: El Legado","Una madre soltera y sus dos hijos se mudan a una pequeña ciudad donde descubren su conexión con los cazafantasmas originales."
"Ferris Bueller's Day Off","El Gran Aventurero","Un estudiante de secundaria decidido a tener un día libre de la escuela se embarca en una aventura por Chicago con su novia y su mejor amigo."
"The Breakfast Club","El Club de los Cinco","Cinco estudiantes de secundaria se reúnen en la detención del sábado y descubren que tienen mucho más en común de lo que pensaban."
"Sixteen Candles","Seisteen Candles","El decimosexto cumpleaños de una chica se vuelve todo menos dulce cuando su familia olvida la ocasión y ella sufre más humillaciones."
"Home Alone","Solo en Casa","Un niño ingenioso de ocho años que es olvidado accidentalmente cuando su familia se va de vacaciones de Navidad debe proteger su casa de un par de ladrones."
"Home Alone 2: Lost in New York","Solo en Casa 2: Perdido en Nueva York","Kevin McCallister se encuentra solo en Nueva York, donde se enfrenta a sus viejos enemigos."
"Mrs. Doubtfire","Señora Doubtfire","Después de un amargo divorcio, un actor se disfraza de ama de llaves para pasar tiempo con sus hijos."
"Jumanji","Jumanji","Cuando dos niños encuentran y juegan a un juego de mesa mágico, liberan a un hombre que ha estado atrapado en él durante décadas, y a una gran cantidad de peligros que solo pueden detenerse terminando el juego."
"Jumanji: Welcome to the Jungle","Jumanji: Bienvenidos a la Jungla","Cuatro adolescentes son absorbidos por un videojuego Jumanji y deben completar la aventura para escapar."
"The Mask","La Máscara","Un empleado de banco con mala suerte se transforma en un maníaco superhéroe cuando usa una máscara misteriosa."
"Dumb and Dumber","Tontos y Más Tontos","Después de que un par de amigos bien intencionados pero increíblemente estúpidos son despedidos de sus trabajos, se embarcan en un viaje a través del país para devolver una maleta llena de dinero a su dueña."
"Ace Ventura: Pet Detective","Ace Ventura: Detective de Mascotas","Un detective de mascotas chiflado sale de su retiro para encontrar la mascota desaparecida de los Miami Dolphins."
"Ace Ventura: When Nature Calls","Ace Ventura: Operación África","Ace Ventura viaja a África para encontrar una rara mascota tribal."
"Wayne's World","Wayne's World","Dos amigos holgazanes amantes del rock and roll intentan promocionar su programa de televisión de acceso público."
"Austin Powers: International Man of Mystery","Austin Powers: Internacional","Un espía británico de la década de 1960 es devuelto a la vida para detener a su némesis en la década de 1990."
"Austin Powers: The Spy Who Shagged Me","Austin Powers: La Espía que me Achuchó","Austin Powers viaja en el tiempo para recuperar su mojo robado por el Dr. Maligno."
"Men in Black","Hombres de Negro","Una agencia secreta del gobierno vigila la vida extraterrestre en la Tierra."
"Men in Black II","Hombres de Negro II","El agente J necesita reunir a su antiguo compañero para detener a una amenaza alienígena."
"Men in Black 3","Hombres de Negro 3","El agente J viaja en el tiempo para salvar a su compañero K y cambiar la historia."
"Independence Day","Independence Day","Los extraterrestres vienen a la Tierra y su intención es destruir. En una carrera contra el tiempo, el mundo se une por una última oportunidad de supervivencia."
"Independence Day: Resurgence","Independence Day: Contraataque","Dos décadas después del primer ataque alienígena, la humanidad debe unirse nuevamente cuando los extraterrestres regresan con tecnología más avanzada."
"Armageddon","Armageddon","Después de descubrir que un asteroide del tamaño de Texas va a impactar la Tierra en menos de un mes, la NASA recluta a un equipo de perforadores de núcleo profundo para salvar el planeta."
"Twister","Twister","Cazadores de tormentas, al borde del divorcio, deben unirse para crear un sistema avanzado de alerta meteorológica poniéndose directamente en el camino de tornados extremadamente violentos."
"Speed","Speed","Un joven policía debe evitar que una bomba explote en un autobús urbano manteniendo su velocidad por encima de las 50 mph."
"Point Break","Point Break","Un agente del FBI se infiltra para atrapar a una banda de surfistas que pueden ser ladrones de bancos."
"The Rock","La Roca","Un químico del FBI y un ex convicto deben liderar una incursión en la isla de Alcatraz para detener a un general renegado que amenaza a la bahía de San Francisco con misiles de gas nervioso."
"Con Air","Con Air","Un grupo de convictos recién liberados toman el control de su avión de transporte y se ven obligados a confiar en el único hombre que queda a bordo, un ex Ranger del Ejército con libertad condicional, para que los lleve a un lugar seguro."
"Face/Off","Face/Off","Para frustrar un complot terrorista, un agente del FBI se somete a una cirugía de trasplante de cara y asume la identidad del autor intelectual criminal que está en coma."
"Mission: Impossible","Misión: Imposible","Un agente estadounidense, bajo falsa sospecha de deslealtad, debe descubrir y exponer al verdadero espía sin la ayuda de su organización."
"Mission: Impossible II","Misión: Imposible 2","Ethan Hunt debe encontrar y destruir un virus genéticamente modificado creado por un ex agente renegado."
"Mission: Impossible III","Misión: Imposible 3","Ethan Hunt debe enfrentarse a un despiadado traficante de armas que amenaza con matar a la novia de Hunt si no recupera un arma peligrosa."
"Mission: Impossible - Ghost Protocol","Misión: Imposible - Protocolo Fantasma","Ethan Hunt y su equipo son desautorizados cuando son acusados de bombardear el Kremlin."
"Mission: Impossible - Rogue Nation","Misión: Imposible - Nación Secreta","Ethan Hunt y su equipo deben destruir el Sindicato, una organización de agentes especiales entrenados que se han vuelto renegados."
"Mission: Impossible - Fallout","Misión: Imposible - Repercusión","Ethan Hunt y su equipo se unen a un asesino despiadado para evitar que un terrorista obtenga plutonio para armas nucleares."
"Top Gun","Top Gun: Ídolos del Aire","Mientras los estudiantes de la escuela de armas de combate de élite de la Marina de los Estados Unidos compiten para ser los mejores de la clase, un joven piloto audaz aprende algunas cosas de un instructor civil que no se enseñan en el aula."
"Top Gun: Maverick","Top Gun: Maverick","Después de más de treinta años de servicio, Pete 'Maverick' Mitchell es quien lleva a cabo las misiones más peligrosas y entrena a un grupo de graduados de Top Gun."
"Beverly Hills Cop","Superdetective en Hollywood","Un policía de Detroit astuto y bromista que investiga el asesinato de su mejor amigo se encuentra lidiendo con el mundo muy diferente de Beverly Hills."
"Lethal Weapon","Arma Mortal","Dos policías de Los Ángeles recién emparejados, uno un veterano y el otro propenso a tendencias suicidas, deben dejar de lado sus diferencias para atrapar a una banda de narcotraficantes."
"Lethal Weapon 2","Arma Mortal 2","Riggs y Murtaugh investigan el lavado de dinero de los sudafricanos, pero están protegidos por la inmunidad diplomática."
"Predator","Depredador","Un equipo de comandos en una misión en una jungla centroamericana se encuentra cazado por un guerrero extraterrestre."
"Predator 2","Depredador 2","Un teniente de policía de Los Ángeles y su equipo se enfrentan a un cazador alienígena en los tejados de la ciudad."
"RoboCop","RoboCop","En una Detroit distópica y plagada de crímenes, un policía asesinado brutalmente regresa al servicio como un poderoso cyborg atormentado por vagos recuerdos de su vida pasada."
"Total Recall","El Vengador del Futuro","Cuando un hombre se somete a un viaje virtual a la memoria de Marte, una serie de eventos inesperada y sorprendente lo obliga a ir al planeta de verdad, o ¿es así?"
"Starship Troopers","Las Brigadas del Espacio","Los humanos en una sociedad fascista y militarista luchan una guerra interestelar contra una especie de insectos."
"The Fifth Element","El Quinto Elemento","En el colorido futuro, un taxista, sin saberlo, se convierte en la figura central en la búsqueda de un arma cósmica legendaria para mantener a raya al Mal y al Sr. Zorg."
"Leon: The Professional","Léon: El Profesional","Un asesino a sueldo acepta proteger a una niña de 12 años cuya familia fue asesinada por un agente corrupto de la DEA."
"The Sixth Sense","El Sexto Sentido","Un niño psicólogo intenta ayudar a un niño que puede ver y comunicarse con los muertos."
"The Usual Suspects","Los Sospechosos Habituales","Un barco es atacado y la única superviviente ayuda a la policía a identificar a los sospechosos, pero nada es lo que parece."
"American Beauty","American Beauty","Un hombre de mediana edad experimenta una crisis existencial y se obsesiona con la amiga de la escuela secundaria de su hija."
"American History X","American History X","Un ex skinhead neo-nazi intenta evitar que su hermano pequeño siga sus pasos violentos y racistas."
"Donnie Darko","Donnie Darko","Un adolescente problemático es visitado por una figura en un traje de conejo que lo manipula para cometer una serie de crímenes."
"The Butterfly Effect","El Efecto Mariposa","Un joven descubre que puede viajar atrás en el tiempo y cambiar eventos de su pasado, pero cada cambio tiene consecuencias inesperadas."
"V for Vendetta","V de Vendetta","En una futura Gran Bretaña totalitaria, un misterioso revolucionario llamado V intenta derrocar el gobierno con la ayuda de una joven mujer."
"Watchmen","Watchmen","En una historia alternativa donde los superhéroes son tratados como proscritos, un asesinato pone en marcha una conspiración que podría cambiar el mundo."
"Sin City","Sin City","Varias historias criminales se entrelazan en la corrupta y violenta Basin City."
"300","300","El rey Leónidas y 300 espartanos luchan hasta la muerte contra el ejército persa de Jerjes I en las Termópilas."
"Gladiator","Gladiador","Un exgeneral romano se propone vengarse del emperador corrupto que asesinó a su familia y lo envió a la esclavitud."
"Troy","Troya","Una adaptación de la Ilíada de Homero sobre el asedio de la ciudad de Troya por una alianza griega."
"Kingdom of Heaven","El Reino de los Cielos","Un herrero francés viaja a Jerusalén durante las Cruzadas y se convierte en el defensor de su pueblo."
"Robin Hood","Robin Hood","La historia del legendario arquero que roba a los ricos para dárselo a los pobres."
"King Arthur","El Rey Arturo","Una versión más histórica de la leyenda del Rey Arturo y los Caballeros de la Mesa Redonda."
"The Last Samurai","El Último Samurái","Un capitán estadounidense es capturado por samuráis en el Japón del siglo XIX y adopta su estilo de vida."
"Apocalypto","Apocalypto","En el declive de la civilización maya, un joven hombre emprende un peligroso viaje para salvar a su familia."
"The Revenant","El Renacido","Un explorero del siglo XIX es atacado por un oso y dejado por muerto, pero sobrevive para buscar venganza."
"Mad Max: Fury Road","Mad Max: Furia en el Camino","En un páramo postapocalíptico, una mujer se rebela contra un gobernante tiránico en busca de su tierra natal con la ayuda de un vagabundo llamado Max."
"Children of Men","Hijos de los Hombres","En un futuro distópico donde la humanidad se ha vuelto infértil, un hombre debe proteger a la única mujer embarazada."
"District 9","Distrito 9","Un extraterrestre varado en la Tierra se ve obligado a vivir en condiciones de apartheid en Sudáfrica."
"Moon","Moon","Un astronauta que trabaja solo en una base lunar descubre que no está solo y que su realidad no es lo que parece."
"Source Code","Código Fuente","Un soldado despierta en el cuerpo de un extraño y descubre que forma parte de un programa experimental para encontrar al bombardero de un tren."
"Looper","Asesino del Futuro","Asesinos viajan en el tiempo para eliminar objetivos, pero las cosas se complican cuando uno recibe como objetivo a su yo futuro."
"Edge of Tomorrow","Al Filo del Mañana","Un oficial militar es atrapado en un bucle de tiempo mientras lucha contra una raza alienígena."
"Gravity","Gravedad","Dos astronautas quedan varados en el espacio después de que su transbordador es destruido."
"The Martian","Marte","Un astronauta es dado por muerto en Marte y debe usar su ingenio para sobrevivir y encontrar una manera de comunicarse con la Tierra."
"Arrival","La Llegada","Una lingüista trabaja con el ejército para comunicarse con formas de vida extraterrestres después de que doce misteriosas naves espaciales aparecen en todo el mundo."
"Annihilation","Aniquilación","Una bióloga se une a una expedición a una zona misteriosa donde las leyes de la naturaleza no se aplican."
"Ex Machina","Ex Machina","Un programador es seleccionado para participar en un experimento con una IA humanoide altamente avanzada."
"Her","Her","En un futuro cercano, un escritor solitario desarrolla una relación improbable con un sistema operativo diseñado para satisfacer todas sus necesidades."
"Blade Runner 2049","Blade Runner 2049","Un nuevo blade runner, oficial K, descubre un secreto profundamente enterrado que tiene el potencial de sumir en el caos a lo que queda de la sociedad."
"Dune","Dune","El hijo de una familia noble es enviado a un planeta desértico peligroso para asegurar el futuro de su pueblo."
"Dune: Part Two","Dune: Parte Dos","Paul Atreides se une a los Fremen y comienza un viaje espiritual y marcial para convertirse en Muad'Dib."
"The Social Network","La Red Social","La historia de la creación de Facebook y las batallas legales que siguieron."
"The Wolf of Wall Street","El Lobo de Wall Street","La historia real de Jordan Belfort, un corredor de bolsa que se hizo rico mediante el fraude y la corrupción."
"American Psycho","American Psycho","Un ejecutivo de Wall Street lleva una doble vida como asesino en serie por la noche."
"Fight Club","El Club de la Pelea","Un oficinista insomne y un fabricante de jabón forman un club de lucha clandestino que evoluciona hacia algo mucho más grande."
"American Gangster","Gánster Americano","La historia del narcotraficante Frank Lucas y del detective Richie Roberts que intenta derribar su imperio."
"Scarface","Scarface","Un refugiado cubano se eleva en el mundo del crimen organizado en Miami durante la era de los años 80."
"Carlito's Way","Carlito's Way","Un gánster puertorriqueño sale de prisión decidido a mantenerse alejado del crimen, pero es arrastrado de vuelta."
"The Godfather: Part III","El Padrino: Parte III","Michael Corleone, envejecido, busca redimirse convirtiéndose en un hombre de negocios legítimo."
"A Bronx Tale","Un Cuento del Bronx","Un niño se debate entre la influencia de su padre trabajador y un gánster del barrio."
"Donnie Brasco","Donnie Brasco","Un agente del FBI se infiltra en la mafia, pero se encuentra cada vez más identificado con el estilo de vida criminal."
"The Departed","Los Infiltrados","Una investigación encubierta en el sur de Boston sobre una pandilla irlandesa-estadounidense se convierte en una carrera para descubrir las identidades de un topo y un informante."
"Infernal Affairs","Infernal Affairs","Un policía encubierto y un espía en la fuerza policial intentan identificarse mutuamente mientras se infiltran en la mafia y la policía."
"Training Day","Training Day","Un día en la vida de un policía corrupto de Los Ángeles y su nuevo compañero."
"End of Watch","Fin de la Guardia","Dos policías patrullan las calles de Los Ángeles y documentan su vida diaria."
"Street Kings","Street Kings","Un policía veterano es investigado por asesinato mientras intenta limpiar su nombre."
"Harsh Times","Tiempos Violentos","Un ex soldado y su amigo se enfrentan a la vida en las peligrosas calles de Los Ángeles."
"The Town","The Town","Un grupo de ladrones de bancos planea su último golpe en Boston."
"Heat","Heat","Un detective y un ladrón profesional se enfrentan en un juego del gato y el ratón en Los Ángeles."
"Collateral","Collateral","Un taxista se ve obligado a conducir a un asesino a sueldo durante una noche de asesinatos en Los Ángeles."
"Man on Fire","Hombre en Llamas","Un ex agente de la CIA se convierte en guardaespaldas de una niña en la Ciudad de México y busca venganza cuando ella es secuestrada."
"Taken","Venganza","Un ex agente de la CIA viaja por Europa para salvar a su hija de una red de trata de blancas."
"John Wick","John Wick","Un ex asesino sale de su retiro para buscar venganza contra los hombres que mataron a su perro y robaron su coche."
"John Wick: Chapter 2","John Wick: Capítulo 2","John Wick es forzado a salir de su retiro por un juramento de sangre, llevándolo a Roma para enfrentarse a algunos de los asesinos más peligrosos del mundo."
"John Wick: Chapter 3 - Parabellum","John Wick: Capítulo 3 - Parabellum","John Wick está en fuga con una recompensa de 14 millones de dólares por su cabeza después de matar a un miembro del gremio internacional de asesinos."
"John Wick: Chapter 4","John Wick: Capítulo 4","John Wick descubre un camino para derrotar a la Alta Mesa, pero debe enfrentarse a un nuevo enemigo con poderosas alianzas en todo el mundo."
"The Equalizer","El Protector","Un hombre que cree haber dejado atrás su misterioso pasado no puede quedarse de brazos cruzados cuando conoce a una joven bajo el control de mafiosos rusos."
"The Bourne Identity","El Caso Bourne","Un hombre con amnesia descubre que es un agente altamente entrenado de un programa secreto del gobierno."
"The Bourne Supremacy","El Mitin de Bourne","Jason Bourne es acusado de un crimen que no cometió y debe descubrir la verdad mientras es perseguido por la CIA."
"The Bourne Ultimatum","El Ultimátum de Bourne","Jason Bourne se acerca a la verdad sobre su pasado mientras una nueva generación de agentes altamente entrenados lo persiguen."
"Salt","Salt","Una agente de la CIA es acusada de ser una espía rusa y debe usar sus habilidades para evitar ser capturada."
"Atomic Blonde","Atomic Blonde","Una espía de alto nivel es enviada a Berlín durante la Guerra Fría para investigar el asesinato de un agente y recuperar una lista de dobles agentes."
"Red Sparrow","Red Sparrow","Una bailarina de ballet rusa es reclutada para ser una 'gorrión', una espía altamente entrenada que usa el sexo como arma."
"Hanna","Hanna","Una joven criada en el desierto por su padre ex agente de la CIA debe usar sus habilidades de combate para escapar de una agente de inteligencia."
"Lucy","Lucy","Una mujer adquiere habilidades sobrehumanas cuando una droga experimental se filtra en su torrente sanguíneo."
"Underworld","Underworld","Una guerra secreta entre vampiros y hombres lobo es descubierta por una humana atrapada en medio de la batalla."
"Underworld: Evolution","Underworld: Evolución","Selene y Michael descubren los orígenes de la guerra entre vampiros y hombres lobo."
"Resident Evil","Resident Evil","Un equipo de comando se infiltra en una instalación secreta donde un virus ha convertido a los científicos en zombis."
"Resident Evil: Apocalypse","Resident Evil: Apocalipsis","Alice se une a sobrevivientes y un agente de la Umbrella Corporation para escapar de Raccoon City antes de que sea destruida."
"Resident Evil: Extinction","Resident Evil: Extinción","Alice viaja a través del desierto de Nevada en un mundo postapocalíptico lleno de zombis."
"Resident Evil: Afterlife","Resident Evil: Afterlife","Alice busca sobrevivientes en Los Ángeles mientras continúa su batalla contra la Corporación Umbrella."
"Resident Evil: Retribution","Resident Evil: Retribución","Alice es capturada y debe escapar de una instalación de la Umbrella Corporation en el Ártico."
"Resident Evil: The Final Chapter","Resident Evil: Capítulo Final","Alice regresa a Raccoon City para destruir a la Corporación Umbrella de una vez por todas."
"World War Z","Guerra Mundial Z","Un ex investigador de la ONU viaja por el mundo en una carrera contra el tiempo para detener una pandemia de zombis."
"28 Days Later","28 Días Después","Un mensajero se despierta de un coma para encontrar Londres devastado por un virus que convierte a las personas en zombis violentos."
"28 Weeks Later","28 Semanas Después","Los estadounidenses intentan reconstruir Londres después del brote, pero el virus regresa."
"Dawn of the Dead","El Amanecer de los Muertos","Un grupo de sobrevivientes se refugia en un centro comercial durante un apocalipsis zombi."
"Shaun of the Dead","Zombies Party","Un hombre intenta salvar a su madre y a su novia durante un apocalipsis zombi en Londres."
"Zombieland","Zombieland","Un grupo de sobrevivientes viaja a través de los Estados Unidos en un mundo postapocalíptico lleno de zombis."
"Zombieland: Double Tap","Zombieland: Mata y Remata","Los sobrevivientes enfrentan nuevas variedades de zombis mientras viajan por los Estados Unidos."
"The Walking Dead","The Walking Dead","Un grupo de sobrevivientes viaja a través de los Estados Unidos en un mundo postapocalíptico lleno de zombis."
"I Am Legend","Soy Leyenda","El único superviviente en la ciudad de Nueva York lucha contra criaturas mutantes en un mundo postapocalíptico."
"The Omega Man","El Último Hombre... Vivo","Un científico es uno de los pocos supervivientes de una guerra biológica y es cazado por mutantes."
"Planet of the Apes","El Planeta de los Simios","Un astronauta aterriza en un planeta donde los simios inteligentes dominan a los humanos."
"Rise of the Planet of the Apes","El Origen del Planeta de los Simios","Un científico crea un virus que da inteligencia a los simios, lo que lleva a su rebelión."
"Dawn of the Planet of the Apes","El Amanecer del Planeta de los Simios","Los simios inteligentes y los humanos sobrevivientes se enfrentan por el control del planeta."
"War for the Planet of the Apes","La Guerra del Planeta de los Simios","César y sus simios son forzados a una guerra mortal contra un ejército de humanos."
"The Mist","La Niebla","Una misteriosa niebla envuelve un pueblo, trayendo consigo criaturas mortales."
"The Thing","La Cosa","Un equipo de investigación en la Antártida es atacado por un alienígena que puede imitar a cualquier ser vivo."
"Alien: Covenant","Alien: Covenant","La tripulación de una nave colonizadora descubre un planeta aparentemente paradisíaco, pero pronto se dan cuenta de que está habitado por una raza de androides y una forma de vida mortal."
"Prometheus","Prometheus","Una expedición científica descobre evidencia de los orígenes de la humanidad, pero también encuentra una amenaza que podría destruirla."
"Event Horizon","Horizonte Final","Una nave de rescate investiga una nave experimental que desapareció años antes y regresó con algo a bordo."
"Sunshine","Sunshine","Una tripulación internacional es enviada en una misión desesperada para reactivar el sol moribundo."
"Interstellar","Interestelar","Un equipo de exploradores viaja a través de un agujero de gusano en el espacio en un intento por asegurar el futuro de la humanidad."
"The Martian","Marte","Un astronauta es dado por muerto en Marte y debe usar su ingenio para sobrevivir y encontrar una manera de comunicarse con la Tierra."
"Gravity","Gravedad","Dos astronautas quedan varados en el espacio después de que su transbordador es destruido."
"First Man","First Man","La historia de Neil Armstrong y la misión Apollo 11 para aterrizar en la luna."
"Apollo 13","Apollo 13","La misión Apollo 13 sufre una explosión en el espacio y la tripulación debe luchar por sobrevivir y regresar a la Tierra."
"The Right Stuff","The Right Stuff","La historia de los primeros astronautas del programa Mercury de la NASA."
"Hidden Figures","Figuras Ocultas","La historia de las matemáticas afroamericanas que trabajaron en la NASA durante la carrera espacial."
"October Sky","El Cielo de Octubre","Un joven de un pueblo minero se inspira en el lanzamiento del Sputnik para construir cohetes."
"Contact","Contact","Una científica encuentra evidencia de vida extraterrestre y es elegida para hacer el primer contacto."
"Arrival","La Llegada","Una lingüista trabaja con el ejército para comunicarse con formas de vida extraterrestres después de que doce misteriosas naves espaciales aparecen en todo el mundo."
"Close Encounters of the Third Kind","Encuentros Cercanos del Tercer Tipo","Un hombre común es obsesionado por encuentros extraterrestres y se une a un grupo de científicos que investigan el fenómeno."
"E.T. the Extra-Terrestrial","E.T. el Extraterrestre","Un niño problemático reúne el coraje para ayudar a un extraterrestre amistoso a escapar de la Tierra y regresar a su planeta de origen."
"Super 8","Super 8","Un grupo de amigos que filman una película casera son testigos de un tren que descarrila y libera algo peligroso."
"Cloverfield","Cloverfield","Un grupo de amigos documenta su escape a través de Nueva York mientras una criatura gigante ataca la ciudad."
"A Quiet Place","Un Lugar Silencioso","Una familia debe vivir en silencio para evitar ser atacada por criaturas que cazan por el sonido."
"A Quiet Place Part II","Un Lugar Silencioso 2","La familia Abbott debe enfrentarse a los terrores del mundo exterior mientras luchan por sobrevivir en silencio."
"Bird Box","Bird Box","Una mujer y dos niños navegan por un río ciegos para escapar de unas entidades que hacen que las personas se suiciden al verlas."
"The Happening","El Incidente","Una familia huye de un fenómeno natural que hace que las personas se suiciden."
"Signs","Señales","Un sacerdote y su familia descubren formaciones de cultivos en su granja que podrían ser de origen extraterrestre."
"The Day the Earth Stood Still","El Día que la Tierra se Detuvo","Un alienígena viene a la Tierra para advertir a la humanidad sobre su comportamiento destructivo."
"War of the Worlds","La Guerra de los Mundos","Un padre lucha por proteger a sus hijos cuando los extraterrestres invaden la Tierra."
"Independence Day","Independence Day","Los extraterrestres vienen a la Tierra y su intención es destruir. En una carrera contra el tiempo, el mundo se une por una última oportunidad de supervivencia."
"Mars Attacks!","Mars Attacks!","Una invasión alienígena cómica y satírica de la Tierra por marcianos con cerebros gigantes."
"Men in Black","Hombres de Negro","Una agencia secreta del gobierno vigila la vida extraterrestre en la Tierra."
"Paul","Paul","Dos fanáticos de la ciencia ficción se encuentran con un alienígena real mientras viajan por los Estados Unidos."
"The World's End","El Fin del Mundo","Un grupo de amigos se reúne para completar un recorrido de bares, pero descubre que su pueblo natal ha sido reemplazado por androides."
"Attack the Block","Attack the Block","Un grupo de adolescentes de Londres defiende su bloque de apartamentos de una invasión alienígena."
"District 9","Distrito 9","Un extraterrestre varado en la Tierra se ve obligado a vivir en condiciones de apartheid en Sudáfrica."
"Starship Troopers","Las Brigadas del Espacio","Los humanos en una sociedad fascista y militarista luchan una guerra interestelar contra una especie de insectos."
"Edge of Tomorrow","Al Filo del Mañana","Un oficial militar es atrapado en un bucle de tiempo mientras lucha contra una raza alienígena."
"Oblivion","Oblivion","Un técnico de reparaciones en una Tierra postapocalíptica descubre la verdad sobre su misión y su identidad."
"After Earth","After Earth","Un padre y su hijo se estrellan en la Tierra, que ha sido abandonada por la humanidad y es ahora un planeta peligroso."
"Valerian and the City of a Thousand Planets","Valerian y la Ciudad de los Mil Planetas","Dos agentes espaciales son enviados a una metrópolis en constante crecimiento donde especies de todo el universo han convergido."
"Jupiter Ascending","Jupiter Ascending","Una mujer limpiadora descubre que es la reencarnación de una reina alienígena y es perseguida por aquellos que quieren aprovecharse de su herencia."
"Passengers","Passengers","Un pasajero de una nave espacial se despierta 90 años antes de lo previsto y enfrenta la perspectiva de vivir y morir solo."
"The Midnight Sky","La Voz de la Noche","Un científico en el Ártico intenta advertir a una tripulación de astronautas que regresa a la Tierra sobre un desastre global."
"Ad Astra","Ad Astra","Un astronauta viaja a través del sistema solar para encontrar a su padre desaparecido y desentrañar un misterio que amenaza la supervivencia de la Tierra."
"First Man","First Man","La historia de Neil Armstrong y la misión Apollo 11 para aterrizar en la luna."
"Interstellar","Interestelar","Un equipo de exploradores viaja a través de un agujero de gusano en el espacio en un intento por asegurar el futuro de la humanidad."
"The Martian","Marte","Un astronauta es dado por muerto en Marte y debe usar su ingenio para sobrevivir y encontrar una manera de comunicarse con la Tierra."
"Gravity","Gravedad","Dos astronautas quedan varados en el espacio después de que su transbordador es destruido."
"Apollo 13","Apollo 13","La misión Apollo 13 sufre una explosión en el espacio y la tripulación debe luchar por sobrevivir y regresar a la Tierra."
"Moon","Moon","Un astronauta que trabaja solo en una base lunar descubre que no está solo y que su realidad no es lo que parece."
"Solaris","Solaris","Un psicólogo es enviado a una estación espacial para investigar los extraños sucesos que ocurren allí."
"2001: A Space Odyssey","2001: Una Odisea del Espacio","La humanidad encuentra un misterioso artefacto enterrado bajo la superficie lunar y, con la ayuda de la inteligente supercomputadora H.A.L. 9000, se embarca en una búsqueda para encontrar sus orígenes."
"2010: The Year We Make Contact","2010: El Año que Hicimos Contacto","Una expedición conjunta estadounidense-soviética es enviada a Júpiter para descubrir qué le sucedió a la Discovery One."
"Europa Report","Europa Report","Una tripulación internacional de astronautas emprende una misión privada a la luna Europa de Júpiter en busca de vida extraterrestre."
"Life","Life","La tripulación de la Estación Espacial Internacional descubre evidencia de vida extraterrestre en Marte, pero pronto se dan cuenta de que es más inteligente de lo que jamás imaginaron."
"Pitch Black","Pitch Black","Un transporte espacial se estrella en un planeta desértico habitado por criaturas nocturnas mortales."
"The Chronicles of Riddick","Las Crónicas de Riddick","Riddick escapa de una prisión y se encuentra en medio de una guerra entre dos civilizaciones."
"Riddick","Riddick","Dejado por muerto en un planeta desértico, Riddick lucha por sobrevivir contra depredadores alienígenas y cazarrecompensas."
"Serenity","Serenity","La tripulación del barco espacial Serenity debe evitar a un agente de la Alianza mientras protege a una psíquica que conoce un secreto peligroso."
"Firefly","Firefly","Las aventuras de la tripulación del barco espacial Serenity en el siglo XXVI."
"Star Trek","Star Trek","La tripulación del USS Enterprise se embarca en su primera misión para detener a un romulano del futuro que amenaza la Federación."
"Star Trek Into Darkness","Star Trek: En la Oscuridad","La tripulación del Enterprise es enviada a una misión de guerra para capturar a un terrorista de una organización dentro de Starfleet."
"Star Trek Beyond","Star Trek: Sin Límites","La tripulación del Enterprise se estrella en un planeta desconocido y es atacada por un nuevo y despiadado enemigo."
"Star Wars: The Force Awakens","Star Wars: El Despertar de la Fuerza","Tres décadas después de la caída del Imperio, una nueva amenaza surge en la Primera Orden, mientras que Rey, Finn y Poe Dameron se unen a la Resistencia."
"Star Wars: The Last Jedi","Star Wars: Los Últimos Jedi","Rey desarrolla sus habilidades recién descubiertas con la guía de Luke Skywalker, mientras que la Resistencia se prepara para la batalla contra la Primera Orden."
"Star Wars: The Rise of Skywalker","Star Wars: El Ascenso de Skywalker","La Resistencia se enfrenta a la Primera Orden una vez más mientras Rey, Finn y Poe Dameron continúan su viaje."
"Rogue One: A Star Wars Story","Rogue One: Una Historia de Star Wars","Un grupo de héroes inesperados se une para robar los planos de la Estrella de la Muerte."
"Solo: A Star Wars Story","Solo: Una Historia de Star Wars","Las aventuras del joven Han Solo y su encuentro con su futuro copiloto Chewbacca."
"The Clone Wars","Las Guerras Clon","Mientras las Guerras Clon arrasan la galaxia, los caballeros Jedi luchan para mantener la paz y la justicia."
"Rebels","Rebels","Un grupo de rebeldes se une para luchar contra el Imperio Galáctico antes de los eventos de Una Nueva Esperanza."
"The Mandalorian","The Mandalorian","Un pistolero solitario en los confines de la galaxia, lejos de la autoridad de la Nueva República, protege a un misterioso niño."
"The Book of Boba Fett","El Libro de Boba Fett","El cazarrecompensas Boba Fett y la mercenaria Fennec Shand toman el control del territorio una vez gobernado por Jabba the Hutt."
"Obi-Wan Kenobi","Obi-Wan Kenobi","Obi-Wan Kenobi emerge de su exilio para rescatar a la princesa Leia y enfrentarse a su antigo aprendiz, Darth Vader."
"Andor","Andor","La historia de Cassian Andor y su viaje para convertirse en un héroe revolucionario."
"The Bad Batch","The Bad Batch","Un grupo de soldados clon de élite encuentra su camino en una galaxia cambiante después de las Guerras Clon."